pc_time,device_time,co2_ppm,temp_c,humidity_pct,co2_mmhg
2026-09-21T16:39:22,00:00:55.835,388,799.0,31.2,61.3,0.6072
2026-09-21T16:39:27,00:01:00.840,026,801.0,31.1,61.9,0.6087
2026-09-21T16:39:32,00:01:05.844,665,802.0,31.0,62.4,0.6095
2026-09-21T16:39:37,00:01:10.849,304,802.0,30.9,62.9,0.6095
2026-09-21T16:39:42,00:01:15.853,942,805.0,30.8,63.4,0.6118
2026-09-21T16:39:47,00:01:20.858,581,807.0,30.7,63.8,0.6133
2026-09-21T16:39:52,00:01:25.863,220,810.0,30.5,64.6,0.6155
2026-09-21T16:39:57,00:01:30.867,858,810.0,30.4,65.1,0.6155
2026-09-21T16:40:02,00:01:35.872,497,810.0,30.4,65.4,0.6155
2026-09-21T16:40:07,00:01:40.877,136,812.0,30.3,65.8,0.6171
2026-09-21T16:40:12,00:01:45.881,774,813.0,30.3,66.0,0.6178
2026-09-21T16:40:17,00:01:50.886,413,814.0,30.2,66.4,0.6186
2026-09-21T16:40:22,00:01:55.891,052,816.0,30.1,66.7,0.6201
2026-09-21T16:40:27,00:02:00.895,690,819.0,30.1,66.9,0.6224
2026-09-21T16:40:32,00:02:05.900,329,821.0,30.0,67.2,0.6239
2026-09-21T16:40:37,00:02:10.904,968,825.0,30.0,67.4,0.6270
2026-09-21T16:40:42,00:02:15.909,606,828.0,30.0,67.7,0.6292
2026-09-21T16:40:47,00:02:20.914,245,831.0,29.9,67.9,0.6315
2026-09-21T16:40:52,00:02:25.918,884,834.0,29.9,68.1,0.6338
2026-09-21T16:40:57,00:02:30.923,522,835.0,29.9,68.3,0.6346
2026-09-21T16:41:02,00:02:35.928,161,836.0,29.9,68.6,0.6353
2026-09-21T16:41:07,00:02:40.932,800,839.0,29.8,68.8,0.6376
2026-09-21T16:41:12,00:02:45.937,438,840.0,29.8,68.9,0.6384
2026-09-21T16:41:17,00:02:50.942,108,846.0,29.8,69.3,0.6429
